{
  "epochs": [
    1,
    2,
    3,
    4,
    5,
    6,
    7,
    8,
    9,
    10,
    11,
    12,
    13,
    14,
    15,
    16,
    17,
    18,
    19,
    20
  ],
  "train_loss": [
    3.135594979171256,
    2.146519307204877,
    2.137704883413905,
    2.134199516004382,
    2.1304805500111286,
    2.1291088374507545,
    2.128481602047476,
    2.1276149334270715,
    2.12608452068478,
    2.1246601284909326,
    2.079948760399213,
    2.0420174858857445,
    2.0196713880917927,
    2.00632049128753,
    2.0171657660885045,
    1.9974418540730927,
    1.9967852966793196,
    1.9986144638216845,
    2.0189286660682106,
    2.1382750960048713
  ],
  "val_cer": [
    0.9690228810062641,
    0.9688943634260316,
    0.967462092033595,
    0.9626131052567551,
    0.9611314482118456,
    0.9588711993783473,
    0.9599253597763376,
    0.9599505832584071,
    0.9608673904026773,
    0.9608017303056668,
    0.9296473390735447,
    0.8511551069161181,
    0.8559383946938874,
    0.8583119627027281,
    0.8440021483689562,
    0.8499209562414421,
    0.8481751898423122,
    0.8522255380116113,
    0.9542694265758411,
    0.9501151490704237
  ],
  "val_wer": [
    1.0,
    1.0,
    1.0,
    1.0,
    1.0,
    1.0,
    1.0,
    1.0,
    1.0,
    1.0,
    1.0,
    1.0,
    1.0,
    1.0,
    1.0,
    1.0,
    1.0,
    1.0,
    1.0,
    1.0
  ],
  "learning_rates": [
    0.0001,
    0.0001,
    0.0001,
    0.0001,
    0.0001,
    0.0001,
    0.0001,
    0.0001,
    0.0001,
    5e-05,
    5e-05,
    5e-05,
    5e-05,
    5e-05,
    5e-05,
    5e-05,
    5e-05,
    5e-05,
    2.5e-05,
    2.5e-05
  ],
  "train_cer": [],
  "train_wer": []
}